,Onshore/Offshore,Hydrocarbon type,Reservoir status,Depth,Period,Lithology,Gross,Netpay,Porosity,Permeability,STRIKE-SLIP,TRANSPRESSION,BASEMENT-I,GRAVITY,EXTENSION,EVAPORITE,COMPRESSION,INVERSION,EROSION,LINKED,DIAPIR,SYNSEDIMENTATION,SHALE,TRANSTENSION,REACTIVATION,UPLIFT,WRENCH,SALT,PASSIVE MARGIN,THRUST,RIFT,INTRACRATONIC,FORELAND,DELTA,SUB-THRUST,SUB-SALT,BACKARC,,FOREARC
0,0,1,1,3451.3656267104543,1,1,1486.9794025306821,1080.52688172043,2.3595914742451147,3660.5449992800013,1,1,1,0,0,0,0,1,0,0,0,0,0,0,0,0,1,0,0,0,0,0,0,0,0,0,0,1,0
1,0,1,2,75.77712096332786,2,2,4436.192988297974,1185.2043010752689,2.9741563055062157,3408.1716557777922,0,0,0,1,1,1,0,0,0,0,0,0,0,0,0,0,0,1,1,0,0,0,0,0,0,0,0,1,0
2,1,1,2,20.714285714285715,2,2,5067.2172485967085,1458.1512096774193,9.26545293072824,3710.111666524445,0,0,0,1,1,1,0,0,0,0,0,0,0,0,0,0,0,0,1,0,0,0,0,0,0,0,0,1,0
3,1,1,3,1796.4533114395183,2,1,4619.970744933878,948.483870967742,8.15355239786856,2646.0048720001705,0,0,0,0,0,0,1,0,0,0,0,0,0,0,0,0,0,0,0,1,0,0,0,0,0,0,0,1,0
4,1,1,3,7191.135741652983,2,1,4748.36271525069,1422.7318548387098,0.6118117229129659,3394.83805488926,0,0,0,0,1,0,1,1,0,0,0,0,0,0,0,0,0,0,0,0,1,0,0,0,0,0,0,1,0
5,1,1,3,1387.3672687465792,3,3,5096.717771858053,1397.4220430107528,7.1126998223801055,3720.06499992,0,0,0,0,1,1,1,0,0,0,0,0,0,0,0,0,0,0,0,0,0,1,0,0,0,0,0,1,0
6,1,1,1,1681.287465790914,4,1,4863.111074112834,1438.4200268817203,11.702397868561278,3343.6532511356654,0,0,0,0,1,0,1,1,0,0,0,0,0,0,0,0,0,0,0,0,1,0,0,0,0,0,0,1,0
7,0,1,1,117.26600985221675,2,1,5028.016411378556,1409.0752688172042,6.142895204262876,3690.2449996800005,0,0,0,0,1,0,1,0,0,0,0,0,0,0,0,0,0,0,0,0,1,0,0,0,0,0,0,1,0
8,1,1,3,5706.447728516694,3,2,4616.221149272191,1448.268817204301,11.702397868561278,3680.3316662311117,0,0,0,0,0,0,1,0,0,0,0,0,0,0,0,0,0,0,0,0,0,1,0,0,0,0,0,1,0
9,1,1,3,2720.3311439518334,5,3,4815.132765674056,1114.8817204301076,4.029218472468916,3627.030065299913,0,0,0,0,0,0,1,0,0,0,0,0,0,0,0,0,0,0,0,0,0,0,1,0,0,0,0,1,0
10,1,2,4,4454.476299945265,2,1,1486.9794025306821,1358.9274193548388,0.3524866785079926,3504.1716611111187,0,0,0,0,0,0,1,0,0,0,0,0,0,0,0,0,0,0,0,0,0,1,0,0,0,0,0,1,0
11,0,1,2,4675.010946907499,6,1,56.413328893540104,1135.752688172043,0.9421847246891648,3398.644988480016,0,0,0,0,1,0,1,1,0,0,0,0,0,0,0,0,0,0,0,0,1,0,0,0,0,0,0,1,0
12,1,3,2,80.96332785987958,7,3,4767.392303301303,1412.970430107527,5.244138543516873,3710.111666524445,0,0,0,0,0,0,1,0,1,0,0,0,0,0,0,0,0,0,0,0,0,0,1,0,0,0,0,1,0
13,1,1,2,1695.0437876299945,1,1,958.5729711730568,318.10752688172045,0.9421847246891648,3552.671663111116,0,0,0,0,1,1,1,0,0,1,0,0,0,0,0,0,0,0,0,1,0,0,0,0,0,0,0,1,0
14,1,1,3,397.26600985221677,2,1,4088.6424222243363,1266.8877688172042,13.716607460035522,3745.106600664533,0,0,0,0,0,0,1,0,1,0,0,0,0,0,0,0,0,0,0,1,0,0,0,0,0,0,0,1,0
15,0,1,5,211.50519978106186,8,1,4467.485538959186,1149.774193548387,3.6597690941385426,3552.671663111116,0,0,0,0,1,0,0,0,1,0,0,0,0,0,0,0,0,0,0,0,1,0,0,0,0,0,0,1,0
16,0,1,3,122.99945265462507,1,1,4375.762582056893,1203.1209677419354,0.6118117229129659,2166.004712000384,0,0,0,1,1,1,0,0,0,0,1,1,0,0,0,0,0,1,1,0,0,0,0,1,0,0,0,1,0
17,1,1,2,2886.505199781062,2,1,5155.975692132052,1449.6503293010753,7.213587921847245,3702.1585997952,0,0,0,0,0,0,1,0,0,0,0,0,0,0,0,0,0,0,0,0,0,0,1,0,0,0,0,1,0
18,1,4,3,1898.984674329502,3,3,3862.5307297117306,1011.7802419354839,15.890674955595026,3748.0052666663114,0,0,0,0,0,0,1,0,0,0,0,0,0,0,0,0,0,0,0,1,0,0,0,0,1,0,0,1,0
19,1,3,6,2454.3212917350847,3,2,4504.441109314052,1276.1317204301076,18.38587921847247,3360.6716524444632,0,0,0,0,0,1,1,0,0,0,0,0,0,0,0,0,0,0,0,0,0,0,1,0,0,0,0,1,0
20,0,1,7,74.32687465790914,8,1,4901.664970031396,1213.9354838709678,3.6597690941385426,3360.6716524444632,0,0,0,0,1,0,0,0,1,0,0,0,0,0,0,0,0,0,0,0,1,0,0,0,0,0,0,1,0
21,1,1,6,508.37712096332785,5,1,4979.229426315289,1428.6048387096773,8.15355239786856,3690.2449996800005,0,0,0,0,0,0,1,0,0,0,0,0,0,0,0,0,0,0,0,0,0,0,1,0,0,0,0,1,0
22,1,1,3,3250.312096332786,1,1,3794.251783845495,1317.2043010752689,0.8356127886323274,1350.0042000010667,0,0,0,0,1,0,0,0,0,0,0,0,0,0,0,0,0,0,0,0,1,0,0,0,0,0,0,1,0
23,1,4,3,8700.298303229338,8,1,4578.808914470555,1114.8817204301076,11.19227353463588,3749.005066666578,0,0,0,1,1,1,0,0,0,0,1,1,0,0,0,0,0,1,1,0,0,0,0,0,0,0,0,1,0
24,0,1,6,769.9073891625616,8,4,4035.891970316811,810.2177419354839,2.3595914742451147,3082.671623111169,0,0,0,1,1,1,0,0,0,0,0,0,0,0,0,0,0,1,0,0,1,0,0,0,0,0,0,1,0
25,1,1,3,2612.2851669403394,5,3,4541.548901151175,1203.1209677419354,9.26545293072824,3716.082066563911,0,0,0,0,0,0,1,0,0,0,0,0,0,0,0,0,0,0,0,0,0,0,1,0,0,0,0,1,0
26,1,1,1,21.6776135741653,3,2,4111.607316144991,1279.8387096774193,11.702397868561278,3710.111666524445,0,0,0,0,0,1,1,0,0,0,0,0,0,0,0,0,0,1,0,0,0,0,1,0,0,1,0,1,0
27,1,1,2,1540.2299945265463,9,1,4805.565645514223,1353.1995967741937,0.07468916518650082,940.5061539984614,0,0,0,0,1,0,0,0,0,0,0,0,0,0,0,0,0,0,0,0,1,0,0,0,0,0,0,1,0
28,1,1,7,1047.929501915709,8,2,4767.392303301303,1412.970430107527,10.448401420959145,3628.997265343646,0,0,0,1,1,1,0,0,0,0,0,1,0,0,0,0,0,1,1,0,0,0,0,0,0,0,0,1,0
29,1,1,8,2374.126874657909,2,5,4863.111074112834,1276.1317204301076,0.046980461811722794,3736.0180666492442,0,0,0,1,1,1,1,0,1,0,0,0,0,0,0,0,0,1,0,0,0,0,1,0,0,0,0,1,0
30,1,3,7,2631.5718664477286,10,2,2887.4360669774524,575.0168010752689,10.448401420959145,3746.0060666652444,0,0,0,0,0,1,1,0,0,0,0,0,0,0,0,0,0,1,0,0,0,0,1,0,0,1,0,1,0
31,1,1,7,1701.079802955665,11,2,3676.2287603463037,1097.6370967741937,2.3595914742451147,3710.111666524445,0,0,0,0,1,0,0,0,0,0,0,0,0,0,0,0,0,0,0,0,1,0,0,0,0,0,0,1,0
32,0,1,3,695.1724137931035,1,1,4532.257682427932,1158.581317204301,2.3595914742451147,3389.131654497794,0,0,0,1,1,0,0,0,0,0,0,1,1,0,0,0,1,0,0,0,0,0,0,1,0,0,0,1,0
33,1,1,6,17.079912424740012,7,2,4754.067595851965,1378.1075268817203,15.295293072824157,3702.1585997952,0,0,0,0,0,0,1,0,0,0,0,0,0,0,0,0,0,0,0,0,0,0,1,0,0,0,0,1,0
34,1,1,3,1169.8260536398468,7,2,3852.2500713538197,795.5268817204301,9.496358792184722,3676.370066179912,0,0,0,1,0,1,1,0,0,0,0,0,0,0,0,0,0,0,0,0,0,0,1,0,0,0,0,1,0
35,0,1,3,70.93869731800767,8,1,4560.159880125582,964.5188172043011,5.244138543516873,3552.671663111116,0,0,0,0,1,1,0,0,0,0,0,0,0,0,0,0,0,0,0,0,1,0,0,0,0,0,0,1,0
36,0,1,6,46.964969896004376,8,1,3632.8665683569593,879.5268817204301,4.4164298401420945,2816.6715777778963,0,0,0,0,1,0,1,0,0,0,0,0,0,0,0,0,0,0,0,0,1,0,0,0,0,0,0,1,0
37,0,1,8,4303.546798029557,2,1,4213.058747978308,1158.581317204301,0.3524866785079926,2016.6713111115853,0,0,0,1,1,1,0,0,0,0,0,1,0,0,0,0,0,0,1,0,0,0,0,0,0,0,0,1,0
38,0,4,9,599.9212917350849,1,1,4691.502283322234,1206.720430107527,0.9421847246891648,3552.671663111116,1,1,1,0,0,0,0,1,0,0,0,0,0,0,0,0,1,0,0,0,0,0,0,0,0,0,0,1,0
39,1,1,7,3.200985221674877,7,3,4799.829940062791,1172.7426075268818,9.496358792184722,1463.9106961257385,0,0,0,0,0,0,1,0,0,0,0,0,0,0,0,0,0,0,0,0,0,0,1,0,0,0,0,1,0
40,1,1,3,2153.1718664477285,5,3,5126.3039197031685,1446.296370967742,14.423534635879216,3749.005066666578,0,0,0,0,0,0,1,0,1,0,0,0,0,0,0,0,0,0,0,0,0,0,1,0,0,0,0,1,0
41,1,1,3,1352.5150519978106,2,6,5185.733089144705,1448.268817204301,0.6118117229129659,3479.083393228809,0,0,0,0,1,0,1,0,1,0,0,0,0,0,0,0,0,0,0,0,0,0,1,0,0,0,0,1,0
42,1,1,2,543.8906403940887,2,2,5096.717771858053,1454.1942204301076,6.142895204262876,3572.1649971200036,0,0,0,0,1,0,0,0,0,0,0,0,0,0,0,0,0,0,1,0,0,0,0,0,0,0,0,1,0
43,0,1,8,1297.6736726874658,8,1,4805.565645514223,1102.796370967742,0.0007992895204262726,1410.6709191121079,0,0,0,0,1,0,0,0,1,0,0,0,0,0,0,0,0,0,0,0,1,0,0,0,0,0,0,1,0
44,1,3,1,48.40996168582375,12,3,4959.781229188469,1395.4845430107528,18.064031971580814,3744.0073999968004,0,0,0,0,0,0,1,0,1,0,0,0,0,0,0,0,0,0,0,0,0,0,1,0,0,0,0,1,0
45,1,1,3,4.16256157635468,2,6,4634.984349728856,1397.4220430107528,5.244138543516873,2992.6716097778535,0,0,0,0,1,0,1,1,0,0,0,0,0,0,0,0,0,0,0,0,0,0,1,0,0,0,0,1,0
46,0,1,3,498.9846743295019,1,1,5136.184996670155,1422.7318548387098,0.3524866785079926,2992.6716097778535,1,0,1,0,0,0,0,0,0,0,0,0,0,0,0,0,1,0,0,0,0,0,1,0,0,0,0,1,0
47,1,1,6,117.26600985221675,7,7,4998.715678812672,1351.2930107526881,6.142895204262876,3740.0116666577783,0,0,0,0,0,0,1,0,0,0,0,0,0,0,0,0,0,0,0,0,0,0,1,0,0,0,0,1,0
48,1,3,8,8162.367268746579,7,8,5057.402768528209,1332.3010752688172,20.718383658969806,3730.0316666311114,1,1,0,0,0,0,0,0,0,0,0,0,0,0,0,0,0,0,0,0,0,1,0,0,0,0,0,1,0
50,1,1,3,3475.9961685823755,2,1,5153.994910094187,1414.9200268817203,0.3524866785079926,727.7645016539979,0,0,0,1,1,1,0,0,0,0,0,0,0,0,0,0,0,0,1,0,0,0,0,0,0,0,0,1,0
51,1,3,2,3150.873015873016,3,9,5163.902625820569,1442.3555107526881,8.15355239786856,3749.2050426666096,0,0,0,0,0,0,1,0,1,0,0,0,0,0,0,0,0,0,0,0,0,0,1,0,0,0,0,1,0
52,1,1,2,3759.1242474001097,13,1,5169.851821900866,1457.1614583333333,7.1126998223801055,3723.0535999352,0,0,0,0,0,0,1,0,0,0,0,0,0,0,0,0,0,0,0,0,0,1,0,0,0,0,0,1,0
53,1,1,4,1041.8418171866447,8,2,4767.392303301303,1142.752688172043,1.8160746003552393,2974.8316068978575,0,0,0,0,0,1,1,0,0,0,0,0,0,0,0,0,0,0,0,0,0,0,1,0,0,0,0,1,0
54,1,1,3,156.32457580733444,2,1,4672.624916753877,1440.3870967741937,12.622468916518649,3748.9050806665587,0,0,0,1,1,1,0,0,0,0,0,0,0,0,0,0,0,0,1,0,0,0,0,0,0,0,0,1,0
55,0,4,3,139.03984674329502,9,1,5086.874750261631,1389.6801075268818,1.3436056838365893,3696.1993997408003,0,0,0,1,1,1,0,0,0,0,0,0,0,0,0,0,0,0,0,0,1,0,0,0,0,0,0,1,0
56,1,3,8,95.70060207991243,8,1,2683.6229188469224,1203.1209677419354,15.890674955595026,3749.925000426666,0,0,0,1,1,1,0,0,0,0,0,0,0,0,0,0,0,0,1,0,0,0,0,0,0,0,0,1,0
57,0,1,3,0.46250684181718665,8,1,4303.069213205214,759.3877688172043,4.4164298401420945,3082.671623111169,0,0,0,0,1,0,0,0,1,0,0,0,0,0,0,0,0,0,0,0,1,0,0,0,0,0,0,1,0
58,0,1,8,527.424740010947,2,2,4969.500570830559,1221.1720430107528,0.3524866785079926,3690.2449996800005,0,0,0,1,0,1,1,0,0,0,0,0,0,0,0,0,0,1,0,0,0,0,1,0,0,0,0,1,0
59,0,3,6,329.5265462506842,5,1,4863.111074112834,1120.081317204301,6.142895204262876,3690.2449996800005,0,0,0,1,1,1,1,1,0,0,0,0,0,0,0,0,0,1,0,0,0,0,0,0,0,1,0,1,0
60,1,4,3,459.1465790914067,2,1,4346.612168204738,1304.065188172043,1.570959147424511,3640.811665591113,0,0,0,0,1,0,0,0,0,0,0,0,0,0,0,0,0,0,0,0,1,0,0,0,0,0,0,1,0
61,1,1,1,1824.9467980295567,14,3,5163.902625820569,1422.7318548387098,10.448401420959145,3585.8420642172478,0,0,0,0,1,0,1,1,0,0,0,0,0,0,0,0,0,0,0,0,1,0,0,0,0,0,0,1,0
62,1,1,6,6614.069950738916,9,1,4901.664970031396,1411.0221774193549,0.9421847246891648,2614.181130431826,0,0,0,0,1,0,1,0,1,1,0,0,0,0,0,0,0,0,0,1,0,0,0,0,0,0,0,1,0
63,0,1,4,670.0247400109469,8,3,5096.717771858053,1380.032930107527,0.3524866785079926,2646.0048720001705,0,0,0,1,0,1,1,0,0,0,0,0,0,0,0,0,0,1,0,0,0,0,1,0,0,0,0,1,0
64,1,1,6,1470.4132457580733,3,3,5057.402768528209,1389.6801075268818,11.702397868561278,3720.06499992,0,0,0,0,1,1,1,0,0,0,0,0,0,0,0,0,0,0,0,0,0,1,0,0,0,0,0,1,0
65,1,1,6,5611.9978106185,2,1,5215.576110741128,1474.032930107527,0.046980461811722794,2016.6713111115853,0,0,0,0,1,0,0,0,0,0,0,0,0,0,0,0,0,0,0,0,0,1,0,0,0,0,0,1,0
66,1,4,5,168.5912424740011,9,10,4485.944296451336,1436.4543010752689,0.025666074600355325,3220.1716397778137,0,0,0,1,1,1,0,0,0,0,0,1,0,0,0,0,0,1,1,0,0,0,0,1,0,0,0,1,0
67,1,1,2,1502.6847290640394,9,2,4672.624916753877,1257.6774193548388,1.3436056838365893,1350.0042000010667,0,0,0,0,1,0,0,0,0,0,0,0,0,0,0,0,0,0,0,0,1,0,0,0,0,0,0,1,0
68,0,1,8,4033.377120963328,2,1,4394.031062696223,1203.1209677419354,0.6118117229129659,2816.6715777778963,0,0,0,1,1,1,0,0,0,0,0,1,0,0,0,0,0,0,1,0,0,0,0,0,0,0,0,1,0
69,0,1,2,283.4024083196497,8,1,4467.485538959186,829.5168010752689,4.821403197158081,3174.0049680000425,0,0,0,0,1,1,1,1,0,0,0,0,0,0,0,0,0,1,0,0,1,0,0,0,0,0,0,1,0
70,0,3,8,2433.6316365626712,1,1,5022.149414898678,1294.720430107527,0.046980461811722794,2264.3770181706427,0,0,0,1,1,1,0,0,0,0,0,1,0,0,0,0,0,1,1,0,0,0,0,0,0,0,0,1,0
71,1,1,8,182.7327859879584,9,1,3770.498002093045,1307.8125,7.1126998223801055,3654.619399180801,0,0,0,0,0,0,1,0,0,0,0,0,0,0,0,0,0,0,0,1,0,0,0,0,0,0,0,1,0
72,1,1,6,649.0667761357416,5,3,2016.6074112834174,1203.1209677419354,11.702397868561278,3744.0073999968004,0,0,0,0,0,0,1,0,0,0,0,0,0,0,0,0,0,0,0,0,0,0,1,0,0,0,0,1,0
73,0,4,2,217.63546798029557,15,1,3661.189658453049,640.1720430107526,7.624245115452929,3119.044961280052,0,0,0,0,1,0,0,0,1,0,0,0,0,0,0,0,0,0,0,0,1,0,0,0,0,0,0,1,0
74,1,1,6,25.74986316365627,2,10,5096.717771858053,1464.0967741935483,11.702397868561278,3720.06499992,0,0,0,0,0,0,1,0,0,0,0,0,0,0,0,0,0,0,0,0,0,0,1,0,0,0,0,1,0
75,1,1,7,637.91964969896,8,2,5018.23998668062,1341.780241935484,3.6597690941385426,3720.06499992,0,0,0,1,1,1,1,0,0,1,0,0,0,0,0,0,0,1,0,0,0,0,1,0,0,0,0,1,0
76,1,3,4,1179.8674329501916,2,2,4767.392303301303,1458.1512096774193,3.6597690941385426,3680.3316662311117,0,0,0,1,1,1,0,0,0,0,0,0,0,0,0,0,0,0,1,0,0,0,0,0,0,0,0,1,0
77,1,1,1,1427.4024083196498,10,2,586.3914470554657,0.0967741935483871,17.42886323268206,3738.0145999871997,0,0,0,0,0,1,1,0,0,0,0,0,0,0,0,0,0,1,0,0,0,0,1,0,0,1,0,1,0
78,1,1,2,8700.298303229338,1,1,5018.23998668062,1385.8172043010752,0.5265541740674959,912.6703831128226,1,1,1,0,1,0,0,1,0,0,0,0,0,0,0,0,0,0,0,0,0,0,0,0,0,0,1,1,0
79,0,1,6,2.3655172413793104,8,1,4439.868756540767,948.483870967742,1.3436056838365893,2400.0048000002666,0,0,0,0,1,0,0,0,0,0,0,0,0,0,0,0,0,0,0,0,1,0,0,0,0,0,0,1,0
80,0,3,1,75.77712096332786,2,2,5086.874750261631,1341.780241935484,7.1126998223801055,3740.0116666577783,0,0,0,0,1,0,1,0,0,0,0,0,0,0,0,0,0,0,0,0,1,0,0,0,0,0,0,1,0
81,1,3,3,498.9846743295019,2,1,3285.734991913234,1313.4435483870968,8.15355239786856,3749.8050026666633,0,0,0,0,0,0,1,0,1,0,0,0,0,0,0,0,0,0,0,0,0,0,1,0,0,0,0,1,0
82,0,1,4,620.0766283524904,8,2,4998.715678812672,1257.6774193548388,0.3524866785079926,2816.6715777778963,0,0,0,1,0,1,1,0,0,0,0,0,0,0,0,0,0,1,0,0,0,0,1,0,0,0,0,1,0
83,0,3,1,2842.8260536398466,16,1,0.008039197031681097,656.010752688172,7.1126998223801055,3690.2449996800005,0,0,0,1,1,0,0,0,0,0,0,0,1,0,0,0,0,0,1,0,0,0,0,0,0,0,0,1,0
84,1,1,3,1008.344280240832,13,9,3862.5307297117306,1403.2426075268818,3.6597690941385426,3212.7625723232372,0,0,0,0,0,0,1,0,1,0,0,0,0,0,0,0,0,0,0,1,0,0,0,0,0,0,0,1,0
85,1,3,6,941.7065134099616,7,3,3609.624250784892,610.3555107526881,14.711278863232678,3728.037266623645,0,0,0,0,0,0,1,0,0,0,0,0,0,0,0,0,0,0,0,0,0,0,1,0,0,0,0,1,0
86,1,1,2,1476.0354679802956,7,1,5028.016411378556,1430.565188172043,2.9741563055062157,3037.504950000067,0,0,0,0,0,0,1,0,1,0,0,0,0,0,0,0,0,0,0,0,0,0,1,0,0,0,0,1,0
87,1,3,6,142.51570881226053,7,3,4905.528731804776,1374.260752688172,13.027442273534636,3064.5649539200617,0,0,0,0,0,0,1,0,0,0,0,0,0,0,0,0,0,0,0,0,0,0,1,0,0,0,0,1,0
88,0,1,8,469.9708812260536,2,11,4710.417705261155,1030.002688172043,0.3524866785079926,3749.005066666578,0,0,0,0,1,1,1,1,0,0,0,0,0,0,0,0,0,1,0,0,1,0,0,0,0,0,0,1,0
89,0,1,8,337.16748768472905,2,1,4035.891970316811,1243.010752688172,5.244138543516873,2480.671492444677,0,0,0,1,1,1,0,0,1,0,0,0,0,0,0,0,0,1,0,0,1,0,0,0,0,0,0,1,0
90,1,1,2,1082.7613574165298,8,2,5106.570307297117,1370.4193548387098,7.1126998223801055,3730.0316666311114,0,0,0,0,1,0,0,0,0,0,0,0,0,0,0,0,0,0,0,0,0,1,0,0,0,0,0,1,0
91,1,3,7,7272.9940886699505,2,12,4767.392303301303,1448.268817204301,7.1126998223801055,3748.0052666663114,0,0,0,0,0,0,1,0,0,0,0,0,0,0,0,0,0,0,0,0,0,1,0,0,0,0,0,1,0
92,1,1,2,10.862068965517242,3,3,5057.402768528209,1452.217741935484,4.4164298401420945,3710.111666524445,0,0,0,0,1,0,0,0,0,0,0,0,0,0,0,0,0,0,0,0,0,1,0,0,0,0,0,1,0
93,0,1,3,6927.424740010947,1,1,418.7560175054705,656.010752688172,0.9421847246891648,3266.671644444474,0,0,0,1,1,0,0,0,0,0,0,1,1,0,0,0,0,0,0,0,0,0,1,1,0,0,0,1,0
94,1,1,7,4093.4017515051996,3,1,5077.041242507849,1395.4845430107528,4.576287744227352,3650.671665777779,0,0,0,0,1,0,1,0,1,0,0,0,0,0,0,0,0,0,0,0,0,0,1,0,0,0,0,1,0
95,1,1,2,3921.206896551724,6,13,2542.608743221387,447.48387096774195,13.027442273534636,3748.0052666663114,0,0,0,0,0,1,1,0,0,0,0,0,0,0,0,0,0,0,0,0,0,0,1,0,0,0,0,1,0
96,1,1,3,4187.654625068418,2,1,5111.5001427076395,1415.8953293010752,0.046980461811722794,2016.6713111115853,0,0,0,0,0,0,1,0,1,0,0,0,0,0,0,0,0,0,0,0,0,0,1,0,0,0,0,1,0
97,0,1,7,53.63984674329502,8,2,4901.664970031396,1221.1720430107528,7.1126998223801055,3700.171666444445,0,0,0,1,0,1,1,0,0,0,0,0,0,0,0,0,0,1,0,0,0,0,1,0,0,0,0,1,0
98,1,1,3,180.75807334428023,2,2,4721.785225002379,1030.002688172043,0.12158081705150996,3710.111666524445,0,0,0,0,1,1,1,0,0,1,0,0,0,0,0,0,0,1,0,0,0,0,1,0,0,0,0,1,0
99,1,1,3,1291.6502463054187,7,1,5096.717771858053,1462.1135752688172,8.15355239786856,3304.1116478578033,0,0,0,0,0,0,1,0,0,0,0,0,0,0,0,0,0,0,1,0,0,0,1,0,0,0,0,1,0
100,1,4,6,898.5467980295566,9,1,2902.279564266007,893.4200268817204,0.0007992895204262726,3220.1716397778137,0,0,0,1,1,1,0,0,0,0,0,0,0,0,0,0,0,1,1,0,0,0,0,1,0,0,0,1,0
101,1,1,2,1145.6185002736727,7,3,3896.898534868233,1239.3575268817203,19.038099467140317,3749.405023999968,0,0,0,0,1,0,0,0,0,0,0,0,0,0,0,0,0,0,0,0,0,0,1,0,0,0,0,1,0
102,1,1,8,5730.183360700602,2,1,5140.140091332889,1422.7318548387098,0.12158081705150996,816.6702444463408,0,0,0,0,0,0,1,0,1,0,0,0,0,0,0,0,0,0,0,0,0,0,1,0,0,0,0,1,0
103,0,1,2,4282.980295566503,9,1,4863.111074112834,1360.83938172043,3.6597690941385426,2808.0115759912323,1,1,1,0,1,0,0,1,0,0,0,0,0,0,0,0,0,0,0,0,0,0,0,0,0,0,1,1,0
104,1,3,2,225.4214559386973,7,3,5057.402768528209,1355.8710752688173,17.27184724689165,3739.612210657053,0,0,0,0,0,0,1,0,1,0,0,0,0,0,0,0,0,0,0,0,0,0,1,0,0,0,0,1,0
105,1,1,6,372.6354679802956,3,3,4430.682190086576,1072.0221774193549,18.224600355239787,3706.1340664945783,0,0,0,1,1,1,1,0,0,0,0,0,0,0,0,0,0,1,0,0,0,1,0,0,0,1,0,1,0
106,1,1,2,4917.0009852216745,2,5,2941.05075635049,739.5168010752689,2.9741563055062157,3744.8068026642636,0,0,0,0,0,1,1,1,0,0,0,0,0,0,0,0,0,1,0,0,0,0,1,0,0,0,0,1,0
107,0,1,3,1808.8916256157636,1,1,1.6992198649034345,0.32526881720430106,1.3436056838365893,3210.9116387911486,0,0,0,1,1,0,0,0,0,0,0,1,1,0,0,0,0,0,0,0,0,0,1,1,0,0,0,1,0
108,1,1,8,7974.408866995074,1,14,3445.7768528208544,232.3548387096774,25.61003552397869,3747.0055999992005,1,1,1,0,0,0,1,0,0,0,0,0,0,0,0,0,1,0,0,1,0,0,0,0,0,0,0,1,0
109,1,4,1,31.803065134099615,4,1,4917.129150413853,1438.4200268817203,13.027442273534636,3452.1660584519223,0,0,0,0,0,1,1,0,0,0,0,0,0,0,0,0,0,1,0,0,1,0,0,0,0,0,0,1,0
111,1,1,3,4965.541871921182,2,1,5057.402768528209,1351.2930107526881,0.5265541740674959,2816.6542444676734,0,0,0,0,1,0,1,1,0,0,0,0,0,0,0,0,0,0,0,0,1,0,0,0,0,0,0,1,0
112,1,4,10,64.90421455938697,16,1,4321.185472362287,1046.7096774193549,11.702397868561278,3552.671663111116,0,0,0,0,0,0,1,0,0,0,0,0,0,0,0,0,0,0,0,1,0,0,0,0,0,0,0,1,0
113,0,1,6,148.57416529830323,8,1,4348.431214917705,825.0430107526881,0.6118117229129659,1734.0044880006828,0,0,0,0,1,0,0,0,0,0,0,0,0,0,0,0,0,0,0,0,1,0,0,0,0,0,0,1,0
114,1,1,6,1943.929501915709,2,1,5028.016411378556,1468.0672043010752,7.939698046181172,3379.631653831128,0,0,0,0,0,0,1,0,0,0,0,0,0,0,0,0,0,0,0,0,0,0,1,0,0,0,0,1,0
115,1,1,2,1446.43951833607,7,1,5057.402768528209,1460.1317204301076,7.624245115452929,3266.671644444474,0,0,0,0,0,0,1,0,0,0,0,0,0,0,0,0,0,0,0,0,0,0,1,0,0,0,0,1,0
116,1,1,11,1612.5061850027366,8,2,5088.842593473504,1458.1512096774193,3.6597690941385426,3690.2449996800005,0,0,0,1,1,1,1,0,0,1,0,0,0,0,0,0,0,1,0,0,0,0,1,0,0,0,0,1,0
117,0,1,3,203.9655172413793,17,1,967.991675387689,8.43010752688172,9.26545293072824,3660.5449992800013,0,0,0,0,1,1,0,0,0,0,0,0,0,0,0,0,0,1,0,0,0,0,0,0,0,1,0,1,0
118,1,3,3,203.66677613574166,1,1,4286.797117305679,780.9704301075269,2.3595914742451147,3174.0049680000425,1,0,1,0,0,1,0,0,0,0,0,0,1,1,0,0,1,0,0,0,0,0,0,1,0,0,0,1,0
119,1,3,3,2057.167487684729,11,1,81.7582056892779,591.2930107526881,4.4164298401420945,3744.0073999968004,0,0,0,0,0,0,1,0,0,0,0,0,0,0,0,0,0,0,0,1,0,0,1,0,1,0,0,1,0
120,1,1,2,3714.354132457581,3,13,5018.23998668062,1452.6129301075268,11.702397868561278,3744.8068026642636,0,0,0,0,0,0,1,0,0,0,0,0,0,0,0,0,0,0,0,0,0,1,0,0,0,0,0,1,0
121,0,1,3,144.7728516694034,1,1,5124.328845970887,1389.6801075268818,0.0007992895204262726,816.6702444463408,0,0,0,1,1,0,0,0,0,0,0,0,1,0,0,0,0,0,1,0,0,0,0,1,0,0,0,1,0
122,1,1,4,2559.08319649699,2,1,5116.432356578822,1448.268817204301,2.3595914742451147,3678.3505995392006,0,0,0,0,0,0,1,0,1,0,0,0,0,0,0,0,0,0,0,0,0,0,1,0,0,0,0,1,0
123,1,1,6,1217.5396825396826,3,1,5124.328845970887,1422.7318548387098,2.3595914742451147,2886.4315914312115,0,0,0,0,0,1,1,0,0,0,0,0,0,0,0,0,0,0,0,0,0,0,1,0,0,0,0,1,0
124,1,3,3,836.9157088122605,8,5,4578.808914470555,1347.483870967742,11.702397868561278,3749.825002159997,0,0,0,1,1,1,0,0,0,0,0,1,0,0,0,0,0,1,1,0,0,0,0,0,0,0,0,1,0
125,0,5,9,92.05134099616858,1,2,1.2025972790410047,1488.0,6.142895204262876,3552.671663111116,0,0,0,0,1,0,1,0,0,0,0,0,0,0,0,0,0,0,0,0,0,0,0,0,0,0,1,1,0
126,0,1,1,3000.024630541872,1,1,3743.4421558367426,1248.5006720430108,0.046980461811722794,816.6702444463408,0,0,0,0,1,1,1,0,0,0,0,0,0,0,0,0,0,0,1,0,0,0,0,0,0,0,0,1,0
127,1,3,2,2351.7487684729062,3,9,3285.734991913234,1345.581317204301,11.702397868561278,3744.0073999968004,0,0,0,0,1,0,1,0,0,0,0,0,0,0,0,0,0,0,0,0,0,0,1,0,0,0,0,1,0
128,1,1,6,2612.2851669403394,5,3,4792.187660546095,1203.1209677419354,11.702397868561278,3730.0316666311114,0,0,0,0,0,0,1,0,0,0,0,0,0,0,0,0,0,0,0,0,0,0,1,0,0,0,0,1,0
129,1,1,6,203.9655172413793,5,2,5018.23998668062,1370.4193548387098,13.027442273534636,3732.0265999712,0,0,0,0,0,0,1,0,0,0,0,0,0,0,0,0,0,0,0,0,0,0,1,0,0,0,0,1,0
130,1,1,6,2029.735741652983,18,15,4025.382979735515,1132.260752688172,24.665097690941383,3734.4212239783674,0,0,0,0,1,0,0,0,0,0,0,0,0,0,0,0,0,0,0,0,1,0,0,0,0,0,0,1,0
131,0,1,1,2454.3212917350847,1,1,4882.368994386833,1294.720430107527,0.046980461811722794,816.6702444463408,0,0,0,1,1,0,1,0,0,1,0,0,1,0,0,0,0,0,1,0,0,0,0,1,0,0,0,1,0
132,0,1,3,455.119978106185,15,1,4650.022309960993,1328.518817204301,0.6118117229129659,1350.0042000010667,0,0,0,0,1,0,0,0,0,0,0,0,0,0,0,0,0,0,0,0,1,0,0,0,0,0,0,1,0
133,1,3,4,725.848385331144,2,1,4394.031062696223,1315.323252688172,0.9421847246891648,3334.2172503836664,0,0,0,0,0,1,1,0,0,0,0,0,0,0,0,0,0,0,0,0,0,1,0,0,0,0,0,1,0
134,1,1,4,7681.896989600438,2,1,4988.96779564266,1372.33938172043,0.0007992895204262726,3285.364979520027,1,1,1,0,0,0,1,0,0,0,0,0,0,0,0,0,1,0,0,1,0,0,0,0,0,0,0,1,0
135,0,1,3,259.6168582375479,9,1,4229.19041956046,844.5168010752689,2.3595914742451147,3360.6716524444632,0,0,0,1,1,1,1,0,0,0,0,0,0,0,0,0,0,1,0,0,1,0,0,0,0,0,0,1,0
136,1,3,3,3458.7455938697317,2,1,3948.7356578822187,738.1075268817204,0.12158081705150996,3119.044961280052,0,0,0,0,0,0,1,0,0,0,0,0,0,0,0,0,0,0,0,0,0,1,0,0,0,0,0,1,0
137,1,4,2,198.03229337712096,2,2,4959.781229188469,1346.5324260752689,6.142895204262876,3488.722060377253,0,0,0,1,1,1,0,0,0,0,0,1,0,0,0,0,0,0,1,0,0,0,0,0,0,0,0,1,0
138,1,1,3,1385.808866995074,2,1,843.5220721149273,753.6834677419355,0.7354351687388979,3385.3300542332613,0,0,0,0,0,0,1,0,0,0,0,0,0,0,0,0,0,0,0,0,0,1,0,0,0,0,0,1,0
139,1,3,4,358.631636562671,3,10,4578.808914470555,1420.77688172043,9.26545293072824,3749.8050026666633,0,0,0,0,0,0,1,0,1,0,0,0,0,0,0,0,0,0,0,0,0,0,1,0,0,0,0,1,0
140,1,1,3,0.24181718664477286,1,1,2271.9970031395683,1185.2043010752689,2.3595914742451147,3504.1716611111187,0,0,1,0,0,0,1,0,0,0,0,0,1,0,1,0,0,0,0,1,0,0,1,0,0,0,0,1,0
141,1,1,6,23.669950738916256,5,2,5018.23998668062,1418.823252688172,13.027442273534636,3506.1052611996515,0,0,0,0,0,0,1,0,0,0,0,0,0,0,0,0,0,0,0,0,0,0,1,0,0,0,0,1,0
142,0,1,2,5099.137931034483,1,6,3134.1303872133954,1008.4845430107526,0.1642095914742449,3174.0049680000425,0,0,0,0,1,0,1,0,0,0,0,0,0,0,0,0,0,0,0,0,0,0,0,0,0,0,1,1,0
143,1,1,3,991.8007662835249,13,1,5096.717771858053,1444.3252688172042,11.445914742451155,3630.964998720002,0,0,0,0,0,0,1,0,0,0,0,0,0,0,0,0,0,0,0,0,0,0,1,0,0,0,0,1,0
144,0,1,3,850.2866995073891,8,1,5012.378698506327,1328.518817204301,0.046980461811722794,3591.7116643911145,0,0,0,0,1,0,0,0,1,0,0,0,0,0,0,0,0,0,0,0,1,0,0,0,0,0,0,1,0
145,1,1,6,2559.08319649699,2,1,5165.885310626963,1442.3555107526881,0.0043516873889876025,600.0032000024,0,0,0,0,0,0,1,0,0,0,0,0,0,0,0,0,0,0,0,0,0,0,1,0,0,0,0,1,0
146,0,1,8,1399.0831964969896,11,11,4303.069213205214,1185.2043010752689,0.0007992895204262726,3746.5058166655776,0,0,0,0,1,1,1,1,0,0,0,0,0,0,0,0,0,1,0,0,1,0,0,0,0,0,0,1,0
147,1,3,7,4.035467980295566,5,3,1894.6209209399676,731.0813172043011,10.448401420959145,3700.171666444445,0,0,0,1,1,1,1,0,0,1,0,0,0,0,0,0,0,1,0,0,0,0,1,0,0,0,0,1,0
148,1,1,3,1635.2736726874657,9,1,4485.944296451336,1114.8817204301076,13.027442273534636,3552.671663111116,0,0,0,0,0,0,1,0,0,0,0,0,1,0,0,0,0,0,0,1,0,0,1,0,1,0,0,1,0
149,1,3,9,2886.505199781062,4,1,4863.111074112834,1391.6135752688172,5.244138543516873,3740.0116666577783,0,0,0,0,0,1,1,0,0,0,0,0,0,0,0,0,0,0,0,0,0,1,0,0,0,0,0,1,0
150,1,1,6,4187.654625068418,5,3,4485.944296451336,1294.720430107527,13.027442273534636,3740.0116666577783,0,0,0,0,0,0,1,0,0,0,0,0,0,0,0,0,0,0,0,0,0,0,1,0,0,0,0,1,0
151,1,3,3,59.94526546250684,9,1,967.991675387689,471.93817204301075,5.244138543516873,3748.8050959998723,0,0,0,1,1,0,0,0,0,0,0,0,1,0,0,0,0,0,1,0,0,0,0,1,0,0,0,1,0
152,0,1,3,2309.32118226601,9,2,4805.565645514223,1328.518817204301,9.26545293072824,3748.405170666439,0,0,0,0,1,0,0,0,0,0,0,0,0,0,0,0,0,0,1,0,0,0,0,0,0,0,0,1,0
153,1,1,3,3667.3173508483856,2,1,5131.243268956331,1452.217741935484,0.1642095914742449,416.66944444740744,0,0,0,0,0,0,1,0,1,0,0,0,0,0,0,0,0,0,0,0,0,0,1,0,0,0,0,1,0
154,1,1,4,254.584017515052,8,1,4672.624916753877,1114.8817204301076,4.4164298401420945,3710.111666524445,0,0,0,0,0,0,1,0,0,0,0,0,0,0,0,0,0,0,0,0,0,1,0,0,0,0,0,1,0
155,1,1,8,2667.1150519978105,1,1,741.822899819237,1330.4092741935483,2.9741563055062157,3548.7793963008053,0,0,0,0,0,0,1,0,0,0,0,0,0,0,0,0,0,0,0,1,0,0,0,0,0,0,0,1,0
156,1,1,2,4187.654625068418,9,1,4000.9152792312816,1488.0,1.8160746003552393,3266.671644444474,1,1,1,0,0,0,0,0,0,0,0,0,0,0,0,0,1,0,0,0,1,0,0,0,0,0,0,1,0
157,1,3,1,2361.9074986316364,3,3,5061.3274188944915,1334.1942204301076,17.42886323268206,3748.465158106456,0,0,0,0,0,0,1,0,0,0,0,0,0,0,0,0,0,0,0,1,0,0,0,0,0,0,0,1,0
158,1,1,8,556.6529830322934,8,1,5033.886832841785,1364.6673387096773,6.618916518650088,3622.70410253453,0,0,0,0,0,0,1,0,1,0,0,0,0,0,0,0,0,0,0,0,0,0,1,0,0,0,0,1,0
159,1,1,6,1502.6847290640394,3,3,5136.184996670155,1389.6801075268818,10.448401420959145,3744.407090663879,0,0,0,0,1,1,1,0,0,0,0,0,0,0,0,0,0,0,0,0,0,1,0,0,0,0,0,1,0
160,1,1,2,3550.413245758073,8,1,3576.5503282275713,743.752688172043,1.8160746003552393,3294.7316470311375,0,0,0,0,1,0,1,1,0,0,0,0,0,0,0,0,0,0,0,0,1,0,0,0,0,0,0,1,0
161,1,1,3,1.3978106185002737,13,1,4573.210208353154,1132.260752688172,4.4164298401420945,2816.6715777778963,0,0,0,0,1,1,1,0,1,0,0,0,0,0,0,0,0,1,0,0,0,0,0,0,0,1,0,1,0
162,0,1,3,457.8024083196497,1,1,2977.067881267244,656.010752688172,3.6597690941385426,2992.6716097778535,0,0,0,0,1,1,0,0,0,0,0,0,0,0,0,0,0,1,0,0,1,0,0,0,0,1,0,1,0
163,0,1,3,108.37712096332785,8,1,5057.402768528209,1370.4193548387098,3.6597690941385426,150.0018000042667,0,0,0,0,1,0,0,0,1,0,0,0,0,0,0,0,0,0,0,0,1,0,0,0,0,0,0,1,0
164,1,1,2,838.7327859879584,2,1,5037.802349919132,1454.1942204301076,7.1126998223801055,3741.409930660092,0,0,0,0,0,0,1,0,0,0,0,0,0,0,0,0,0,0,0,0,0,0,1,0,0,0,0,1,0
165,1,4,3,11.562671045429665,1,2,3828.3151460374847,656.010752688172,5.244138543516873,3723.0535999352,1,1,1,0,0,0,0,0,0,0,0,0,0,0,0,0,0,0,0,0,0,0,0,0,0,0,1,1,0
166,1,1,11,2454.3212917350847,3,3,5128.279373989154,1424.6881720430108,2.3595914742451147,3743.008266662311,0,0,0,0,0,0,1,0,0,0,0,0,0,0,0,0,0,0,0,0,0,1,0,0,0,0,0,1,0
167,1,1,11,241.4039408866995,2,2,4449.064836837599,964.5188172043011,0.9421847246891648,3710.111666524445,0,0,0,0,1,1,1,0,0,1,0,0,0,0,0,0,0,1,0,0,0,0,1,0,0,0,0,1,0
168,0,3,3,546.8226600985222,5,1,3862.5307297117306,566.3467741935484,10.448401420959145,3749.005066666578,0,0,0,1,1,1,1,1,0,0,0,0,0,0,0,0,0,1,0,0,0,0,0,0,0,1,0,1,0
169,1,1,3,4603.746579091407,1,2,4932.61768623347,1381.9596774193549,4.4164298401420945,816.6702444463408,1,1,1,0,1,0,0,1,0,0,0,0,0,0,0,0,0,0,0,0,0,0,0,0,0,0,1,1,0
170,1,3,3,1492.1580733442802,8,3,5092.779421558367,1372.33938172043,5.244138543516873,3628.997265343646,0,0,0,0,1,1,1,1,0,0,0,0,0,0,0,0,0,0,0,0,1,0,0,0,0,0,0,1,0
171,1,1,10,232.70541871921182,2,1,2977.067881267244,1221.1720430107528,2.9741563055062157,3742.8084559953923,0,0,0,0,0,0,1,0,0,0,0,0,0,0,0,0,0,0,0,0,0,1,0,0,0,0,0,1,0
172,1,1,7,4156.567487684729,10,1,4767.392303301303,1294.720430107527,0.3524866785079926,2816.6715777778963,0,0,0,1,1,1,0,0,0,0,0,0,0,0,0,0,0,1,0,0,1,0,0,0,0,0,0,1,0
173,1,1,6,4153.869731800766,8,3,4578.808914470555,1294.720430107527,7.1126998223801055,3680.3316662311117,0,0,0,1,1,1,0,0,0,0,0,1,0,0,0,0,0,1,1,0,0,0,0,0,0,1,0,1,0
174,1,4,2,144.0185002736727,2,1,3871.1084102368945,1213.9354838709678,11.702397868561278,3734.0220666439113,0,0,0,0,1,0,0,0,0,0,0,0,0,0,0,0,0,0,0,0,1,0,0,0,0,0,0,1,0
175,1,3,3,1324.9524904214559,12,1,1662.0645514223195,1160.3467741935483,20.718383658969806,3749.985000026666,0,0,0,0,0,1,1,0,0,0,0,0,0,0,0,0,0,0,0,0,0,1,0,0,0,0,0,1,0
176,1,1,3,7244.469074986317,1,1,4123.999667015508,1114.8817204301076,1.666873889875667,150.0018000042667,1,1,1,0,0,0,1,0,0,0,0,0,0,0,0,0,1,0,0,0,0,0,0,0,0,0,0,1,0
177,1,3,9,95.70060207991243,13,1,2487.26862334697,1252.1673387096773,4.4164298401420945,3694.2140663879118,0,1,0,0,0,0,0,0,0,0,0,0,0,0,0,1,0,0,1,0,0,0,0,0,0,0,0,1,0
178,0,1,12,478.6295566502463,5,3,5195.671249167539,1428.6048387096773,8.15355239786856,3644.7540656679125,0,0,0,0,1,0,0,0,0,0,0,0,0,0,0,0,0,0,0,0,1,0,0,0,0,0,0,1,0
179,1,1,6,147.3015873015873,2,1,4672.624916753877,1474.032930107527,10.448401420959145,3710.111666524445,0,0,0,0,0,0,1,0,0,0,0,0,0,0,0,0,0,0,0,0,0,0,1,0,0,0,0,1,0
180,1,1,6,4.035467980295566,4,3,2968.0430501379506,1155.054435483871,25.610035523978684,3747.6053839994884,0,0,0,0,1,0,0,0,0,0,0,0,0,0,0,0,0,0,0,0,1,0,0,0,0,0,0,1,0
181,1,3,4,195.0985221674877,2,1,4963.667824184188,1283.5510752688172,1.4324156305506206,3319.1473824768236,0,0,0,0,0,1,1,0,0,0,0,0,0,0,0,0,0,0,0,0,0,0,1,0,0,0,0,1,0
182,1,1,4,522.6299945265463,9,1,4796.008039197031,1246.6693548387098,0.6118117229129659,1410.6709191121079,1,0,1,0,0,0,0,0,0,0,0,0,0,0,0,0,1,0,0,0,0,0,1,0,0,0,0,1,0
183,1,1,3,714.616858237548,2,2,4035.891970316811,1114.8817204301076,1.570959147424511,3552.671663111116,0,0,0,0,0,1,1,0,0,0,0,0,0,0,0,0,0,1,0,0,0,0,1,0,0,0,0,1,0
184,0,3,8,498.9846743295019,9,1,3973.0435258300827,935.752688172043,8.50163055062167,3209.0612385916816,0,0,0,0,1,0,0,0,0,0,0,0,0,0,0,0,0,0,0,0,1,0,0,0,0,0,0,1,0
185,1,1,6,4187.654625068418,2,6,5116.432356578822,1480.010752688172,0.3524866785079926,3417.711656391125,0,0,0,0,0,0,1,0,1,0,0,0,0,0,0,0,0,0,0,0,0,0,1,0,0,0,0,1,0
186,1,1,3,5099.137931034483,9,1,4257.945057558748,1244.83938172043,0.3524866785079926,1472.670969778707,0,0,0,0,1,0,0,0,0,0,0,0,0,0,0,0,0,0,0,0,1,0,0,0,0,0,0,1,0
187,0,4,8,3255.085823754789,9,1,3743.4421558367426,804.3252688172043,0.6118117229129659,816.6702444463408,0,0,0,0,1,0,1,1,1,0,0,0,0,0,0,0,0,0,0,0,1,0,0,0,0,0,0,1,0
188,1,1,2,455.5665024630542,2,6,5028.016411378556,1397.4220430107528,9.26545293072824,3720.06499992,0,0,0,0,1,0,0,0,0,0,0,0,0,0,0,0,0,0,0,0,1,0,0,0,0,0,0,1,0
189,1,1,4,95.70060207991243,19,1,2271.9970031395683,230.7768817204301,13.027442273534636,3740.0116666577783,0,0,0,0,1,0,1,0,1,0,0,0,0,0,0,0,0,0,0,0,0,1,0,0,0,0,0,1,0
190,1,1,6,1037.793212917351,2,1,4485.944296451336,1418.823252688172,1.3436056838365893,2646.0048720001705,0,0,0,1,1,1,0,0,0,0,0,1,0,0,0,0,0,1,1,0,0,0,0,0,0,0,0,1,0
191,1,1,6,2820.5556650246303,2,1,4719.8896869945775,1401.3010752688172,0.3524866785079926,443.762848322869,0,0,0,1,1,1,0,0,0,0,0,1,0,0,0,0,0,1,1,0,0,0,0,0,0,0,0,1,0
192,0,1,7,23.669950738916256,8,1,4672.624916753877,1257.6774193548388,7.1126998223801055,3552.671663111116,0,0,0,0,1,0,0,0,1,0,0,0,0,0,0,0,0,0,0,0,1,0,0,0,0,0,0,1,0
193,1,1,3,3143.8293377120963,8,1,3471.7367044049092,1440.3870967741937,5.244138543516873,3607.3873981568026,0,0,0,0,0,0,1,0,0,0,0,0,0,0,0,0,0,0,0,0,0,0,1,0,0,0,0,1,0
196,1,1,4,67.4575807334428,3,2,5018.23998668062,1448.268817204301,17.42886323268206,3748.0052666663114,0,0,0,0,0,0,1,0,0,0,0,0,0,0,0,0,0,0,0,0,0,1,0,0,0,0,0,1,0
197,1,1,1,51.36562671045429,2,6,4969.500570830559,1399.3608870967741,3.6597690941385426,2480.671492444677,0,0,0,0,1,0,1,1,0,0,0,0,0,0,0,0,0,0,0,0,1,0,0,0,0,0,0,1,0
198,1,1,5,2886.505199781062,3,1,4767.392303301303,1276.1317204301076,4.4164298401420945,3456.0049920000106,0,0,0,0,1,0,1,0,0,1,0,0,0,0,0,0,0,0,0,1,0,0,1,0,0,0,0,1,0
199,0,1,3,51.816529830322935,8,1,4436.192988297974,982.3125,3.6597690941385426,2320.6714391114147,0,0,0,0,1,0,0,0,1,0,0,0,0,0,0,0,0,0,0,0,1,0,0,0,0,0,0,1,0
200,0,1,1,1375.7006020799124,2,1,5161.920321567881,1416.8709677419354,0.12158081705150996,1290.6708124455836,0,0,0,1,1,1,0,0,1,0,0,0,0,0,0,0,0,1,0,0,1,0,0,0,0,1,0,1,0
201,0,1,1,275.01094690749864,1,1,5233.523023499191,1332.3010752688172,4.4164298401420945,3706.1340664945783,0,0,0,0,1,1,1,0,0,1,0,0,0,0,0,0,0,0,0,1,0,0,0,0,0,0,0,1,0
202,1,1,2,2390.4684181718662,9,1,324.791599276948,1197.7318548387098,0.3524866785079926,2957.044937280084,0,0,0,0,1,0,0,0,0,0,0,0,0,0,0,0,0,0,0,0,1,0,0,0,0,0,0,1,0
203,1,1,8,3244.349863163656,2,2,4911.327228617639,1266.8877688172042,7.1126998223801055,3730.0316666311114,0,0,0,0,0,1,1,0,0,0,0,0,0,0,0,0,0,0,0,1,0,0,0,0,0,0,0,1,0
204,0,1,3,1231.4522167487685,2,2,4035.891970316811,980.6881720430108,0.3524866785079926,2320.6714391114147,0,0,0,1,1,1,0,0,0,0,0,0,0,0,0,0,0,1,1,0,0,0,0,0,0,0,0,1,0
205,0,1,3,5833.607006020799,1,1,2016.6074112834174,870.3252688172043,0.0007992895204262726,2730.6715591112547,1,1,1,0,0,0,1,0,0,0,0,0,1,0,0,0,1,0,0,1,0,0,0,0,0,0,0,1,0
206,1,1,3,1276.6529830322934,11,1,3445.7768528208544,471.93817204301075,17.42886323268206,3740.0116666577783,0,0,0,0,1,0,1,0,0,1,0,0,0,0,0,0,0,0,1,1,0,0,0,0,0,0,0,1,0
207,1,1,4,3414.584017515052,2,6,2902.279564266007,232.3548387096774,0.6118117229129659,2016.6713111115853,0,0,0,0,0,1,1,0,0,0,0,0,0,0,0,0,0,1,0,0,0,0,1,0,0,0,0,1,0
208,1,4,3,487.3672687465791,5,12,5088.842593473504,1436.4543010752689,11.702397868561278,3749.005066666578,0,0,0,0,0,0,1,0,0,0,0,0,0,0,0,0,0,0,0,0,0,0,1,0,0,0,0,1,0
209,1,1,6,213.3350848385331,4,3,3809.561459423461,823.554435483871,22.113765541740673,3739.1129206561063,0,0,0,0,1,0,0,0,0,0,0,0,0,0,0,0,0,0,0,0,1,0,0,0,0,0,0,1,0
210,1,3,9,336.39945265462507,9,1,2053.9454381124538,756.5329301075269,4.4164298401420945,3456.0049920000106,0,0,0,0,1,0,1,0,1,0,0,0,0,0,0,0,0,0,1,0,0,0,0,1,0,0,0,1,0
211,0,1,3,8181.283524904215,1,1,39.47868899248407,795.5268817204301,0.3524866785079926,2816.6715777778963,0,0,0,0,1,0,1,1,0,0,0,0,1,0,0,0,0,0,0,0,0,0,0,0,0,0,1,1,0
212,0,3,1,3213.4344827586206,1,1,4018.384597088764,935.752688172043,0.3524866785079926,3575.4841678944426,0,0,0,0,1,0,0,0,0,1,0,0,1,1,0,0,1,0,0,0,1,0,0,0,0,0,0,1,0
213,1,1,2,2852.8762999452656,3,2,4738.862191989345,1460.1317204301076,6.142895204262876,3730.0316666311114,0,0,0,0,0,0,1,0,1,0,0,0,0,0,0,0,0,0,0,0,0,0,1,0,0,0,0,1,0
214,1,1,10,112.77777777777777,1,1,4672.624916753877,1185.2043010752689,8.15355239786856,3680.3316662311117,0,0,0,0,1,0,1,0,0,1,0,0,0,0,0,0,0,0,0,1,0,0,1,0,0,0,0,1,0
215,0,1,8,29.033935413245757,1,1,4485.944296451336,1030.002688172043,0.5265541740674959,2320.6714391114147,0,0,0,1,1,1,0,0,0,0,1,1,0,0,0,0,0,1,1,0,0,0,0,1,0,0,0,1,0
216,1,1,6,1527.1182266009853,2,1,4672.624916753877,1483.7630204301079,9.26545293072824,3736.0180666492442,0,0,0,0,0,0,1,0,0,0,0,0,0,0,0,0,0,0,0,0,0,0,1,0,0,0,0,1,0
217,1,1,11,1217.5396825396826,5,3,2977.067881267244,795.5268817204301,20.718383658969806,3749.2050426666096,0,0,0,0,0,0,1,0,0,0,0,0,0,0,0,0,0,0,0,0,0,0,1,0,0,0,0,1,0
218,1,1,3,177.1192118226601,2,1,5175.804442964513,1458.1512096774193,8.15355239786856,3710.111666524445,0,0,0,0,0,0,1,0,0,0,0,0,0,0,0,0,0,0,0,0,0,0,1,0,0,0,0,1,0
219,1,1,8,1533.6671045429666,8,1,4123.999667015508,1389.6801075268818,3.6597690941385426,2016.6713111115853,0,0,0,0,1,0,1,0,0,0,0,0,0,0,0,0,0,0,0,0,0,1,0,0,0,0,0,1,0
220,0,1,3,388.1432950191571,8,1,4723.681143563886,1167.4220430107528,1.3436056838365893,3082.671623111169,0,0,0,0,1,0,1,0,0,0,0,0,0,0,0,0,0,0,0,0,1,0,0,0,0,0,0,1,0
221,0,1,3,232.70541871921182,2,1,4983.123632385121,1248.5006720430108,2.3595914742451147,1734.0044880006828,0,0,0,0,1,0,1,1,1,0,0,0,0,0,0,0,0,0,0,0,1,0,0,0,0,0,0,1,0
222,1,1,3,282.3465790914067,2,1,5152.014508610027,1450.2426075268818,2.3595914742451147,3417.711656391125,0,0,0,0,0,0,1,0,0,0,0,0,0,0,0,0,0,0,0,0,0,1,0,0,0,0,0,1,0
223,1,4,3,612.2851669403393,7,3,4672.624916753877,1370.4193548387098,11.702397868561278,3552.671663111116,0,0,0,0,0,0,1,0,0,0,0,0,0,0,0,0,0,0,0,0,0,0,1,0,0,0,0,1,0
224,0,4,8,4093.4017515051996,1,1,655.1004186090762,1257.6774193548388,1.3436056838365893,3436.8316575644567,1,0,0,0,1,0,1,1,0,0,0,0,0,0,0,0,1,0,0,0,0,0,0,0,0,0,1,1,0
225,0,1,2,65.74986316365627,1,1,4123.999667015508,1281.6942204301076,0.2885435168738902,2816.6715777778963,0,0,0,1,1,1,0,0,0,0,1,1,0,0,0,0,0,1,1,0,0,0,0,1,0,0,0,1,0
226,1,1,2,54.87290640394089,20,16,4317.559176101227,1125.2930107526881,8.479662522202487,3742.8284368220843,0,0,0,0,1,0,0,0,0,0,0,0,0,0,0,0,0,0,0,0,1,0,0,0,0,0,0,1,0
227,1,1,6,89.65790914066775,8,2,5106.570307297117,1434.4899193548388,9.26545293072824,3360.6716524444632,0,0,0,1,1,1,0,0,0,0,0,1,0,0,0,0,0,1,1,0,0,0,0,0,0,0,0,1,0
229,1,4,1,3269.4280240831963,21,1,3948.7356578822187,724.0887096774194,13.027442273534636,3736.0180666492442,0,0,0,1,1,1,1,0,1,0,0,0,0,0,0,0,0,1,0,0,0,0,1,0,0,0,0,1,0
230,1,1,6,4061.333442802408,1,2,4193.3841213966325,1252.1673387096773,1.8160746003552393,3674.3900661532452,1,0,1,0,0,0,1,0,0,0,0,0,0,0,0,0,1,0,0,0,0,0,1,0,0,0,0,1,0
231,1,1,6,346.4522167487685,13,1,4830.459946722482,1328.518817204301,8.15355239786856,3494.5116606577863,0,0,0,0,1,0,0,0,0,0,0,0,0,0,0,0,0,0,0,0,0,1,0,0,0,0,0,1,0
232,1,1,4,7060.422660098522,1,4,2828.4426315288747,1294.720430107527,0.12158081705150996,2016.6713111115853,0,0,0,0,0,0,1,0,1,0,0,0,0,0,0,0,0,0,0,0,0,0,1,0,0,0,0,1,0
233,0,1,8,2954.354132457581,1,1,3535.4219864903434,1053.4301075268818,1.1340142095914738,397.5603259262321,0,0,0,0,1,0,0,0,0,0,0,0,0,0,0,0,0,0,0,0,1,0,0,0,0,0,0,1,0
234,0,1,8,460.04378762999454,2,2,4236.369945771097,1276.1317204301076,0.9421847246891648,3720.06499992,0,0,0,1,0,1,1,0,0,0,0,0,0,0,0,0,0,1,0,0,0,0,1,0,0,0,0,1,0
235,1,1,3,4292.571866447728,9,1,4963.667824184188,1422.7318548387098,0.12158081705150996,416.6627777896295,0,0,0,0,1,0,1,0,0,0,0,0,0,0,0,0,0,0,0,0,1,0,0,0,0,0,0,1,0
236,0,1,2,16.226053639846743,11,11,3777.2771858053466,669.3575268817204,1.8160746003552393,3748.8050959998723,0,0,0,1,1,1,0,1,0,0,0,0,0,0,0,0,0,1,0,0,1,0,0,0,0,0,0,1,0
237,0,3,9,148.57416529830323,13,1,1662.0645514223195,1013.4301075268817,5.244138543516873,2480.671492444677,0,0,0,0,1,0,1,0,1,0,0,0,0,0,0,0,0,0,1,0,1,0,0,0,0,0,0,1,0
238,1,1,3,2413.0295566502464,2,11,4578.808914470555,948.483870967742,0.0007992895204262726,3740.0116666577783,0,0,0,0,0,1,1,0,0,0,0,0,0,0,0,0,0,1,0,0,0,0,1,0,0,0,0,1,0
239,1,1,6,4603.746579091407,5,1,5161.920321567881,1438.4200268817203,1.8160746003552393,3714.0913998848,0,0,0,0,0,0,1,0,0,0,0,0,0,0,0,0,0,0,0,0,0,0,1,0,0,0,0,1,0
240,1,1,6,1184.904214559387,9,1,3853.9625630292076,1326.6297043010752,7.52051509769094,3728.037266623645,0,0,0,0,1,0,0,0,0,0,0,0,0,0,0,0,0,0,0,0,1,0,0,0,0,0,0,1,0
241,0,3,3,100.88669950738917,5,1,4532.257682427932,841.5060483870968,5.244138543516873,3646.7260657052457,0,0,0,1,1,1,1,1,0,0,0,0,0,0,0,0,0,1,0,0,0,0,0,0,0,1,0,1,0
242,0,1,2,420.53639846743295,9,1,4294.025354390638,1257.6774193548388,2.3595914742451147,1232.670756445658,0,0,0,0,1,0,1,1,1,0,0,0,0,0,0,0,0,0,0,0,1,0,0,0,0,0,0,1,0
243,1,1,6,2016.5587301587302,9,1,1855.20050423366,1347.483870967742,0.9421847246891648,3082.671623111169,0,0,0,0,1,0,0,0,0,0,0,0,0,0,0,0,0,0,1,0,0,0,0,0,0,0,0,1,0
244,1,1,3,31.685166940339354,3,3,4366.642612501189,1440.3870967741937,7.1126998223801055,3690.2449996800005,0,0,0,0,0,0,1,0,0,0,0,0,0,0,0,0,0,0,0,0,0,1,0,0,0,0,0,1,0
245,1,1,3,1446.43951833607,10,1,4256.145038531063,1134.0060483870968,9.26545293072824,3734.0220666439113,0,0,0,0,0,0,1,0,0,0,0,0,0,0,0,0,0,0,0,1,0,0,0,0,0,0,0,1,0
246,1,1,2,4093.4017515051996,9,1,1433.218580534678,560.1942204301075,19.038099467140317,3749.8050026666633,0,0,0,0,0,0,1,0,0,0,0,0,0,0,0,0,0,0,0,0,0,0,1,0,0,0,0,1,0
247,1,1,4,6193.813245758073,1,1,2542.608743221387,1063.5510752688172,2.3595914742451147,2904.0049280000962,0,0,0,0,1,0,1,0,1,1,0,0,0,0,0,0,0,0,0,1,0,0,1,0,0,0,0,1,0
248,1,1,3,4877.463054187192,2,1,5233.523023499191,1464.0967741935483,0.9421847246891648,3341.764984320021,0,0,0,0,0,0,1,0,0,0,0,0,0,0,0,0,0,0,0,0,0,0,1,0,0,0,0,1,0
249,0,1,3,1835.6896551724137,8,1,3478.2418894491484,623.2318548387096,0.12158081705150996,2016.6713111115853,0,0,0,0,1,0,0,0,1,0,0,0,0,0,0,0,0,0,0,0,1,0,0,0,0,0,0,1,0
250,1,1,8,8200.221674876848,7,1,5057.402768528209,1378.1075268817203,1.8160746003552393,2016.6713111115853,0,0,0,0,0,1,1,1,0,0,0,0,0,0,0,0,0,0,0,0,0,0,1,0,0,0,0,1,0
251,0,1,3,292.6354679802956,8,2,4729.3711825706405,1132.260752688172,4.4164298401420945,3650.671665777779,0,0,0,0,0,1,1,0,0,0,0,0,0,0,0,0,0,0,0,0,0,0,1,0,0,0,0,1,0
252,0,3,3,321.97318007662835,5,1,3922.774284083341,554.0752688172043,10.448401420959145,3749.005066666578,0,0,0,1,1,1,1,1,0,0,0,0,0,0,0,0,0,1,0,0,0,0,0,0,0,1,0,1,0
253,1,1,4,4675.010946907499,5,12,4672.624916753877,1294.720430107527,10.448401420959145,3718.0732665756445,0,0,0,0,0,0,1,0,0,0,0,0,0,0,0,0,0,0,0,0,0,0,1,0,0,0,0,1,0
254,0,1,2,478.6295566502463,5,1,3478.2418894491484,282.19354838709677,2.9741563055062157,3740.0116666577783,0,0,0,0,1,0,0,0,1,0,0,0,0,0,0,0,0,0,0,0,1,0,0,0,0,0,0,1,0
255,1,1,2,1853.6644772851669,2,1,4767.392303301303,1442.3555107526881,7.1126998223801055,3630.964998720002,0,0,0,0,0,0,1,0,1,0,0,0,0,0,0,0,0,0,0,0,0,0,1,0,0,0,0,1,0
256,1,1,3,16.226053639846743,9,1,3083.3698506326705,1248.5006720430108,5.595115452930727,3585.8420642172478,0,0,0,0,1,0,0,0,0,0,0,0,0,0,0,0,0,0,0,0,1,0,0,0,0,0,0,1,0
257,0,4,1,1159.8275862068965,1,1,4619.970744933878,1237.532930107527,0.473268206039076,3010.564945920072,1,0,1,0,0,1,0,0,0,0,0,0,1,1,0,0,1,0,0,0,0,0,0,1,0,0,0,1,0
258,1,1,8,1430.5665024630541,9,1,2542.608743221387,273.5510752688172,6.142895204262876,2851.4449180801093,0,0,0,0,0,0,1,0,0,0,0,0,0,0,0,0,0,0,0,1,0,0,0,0,0,0,0,1,0
259,0,3,1,1232.1866447728517,11,1,4522.975977547331,1266.8877688172042,0.025666074600355325,2016.6713111115853,0,0,0,0,1,0,1,1,0,0,0,0,0,0,0,0,0,0,0,0,1,0,0,0,0,0,0,1,0
260,1,3,2,7.687465790914067,9,1,4672.624916753877,1221.1720430107528,5.244138543516873,3748.8050959998723,0,0,0,1,1,0,0,0,0,0,0,1,1,0,0,0,0,0,1,0,0,0,0,1,0,0,0,1,0
261,1,1,8,5730.183360700602,2,1,5077.041242507849,1389.6801075268818,1.2157193605683843,816.6702444463408,0,0,0,0,0,0,1,0,1,0,0,0,0,0,0,0,0,0,0,0,0,0,1,0,0,0,0,1,0
262,1,1,6,5417.758620689655,1,1,2016.6074112834174,160.04301075268816,0.3524866785079926,3552.671663111116,1,1,1,0,0,0,0,0,0,0,0,0,0,0,0,0,0,0,0,1,0,0,1,0,1,0,0,1,0
263,1,1,2,5393.142966611932,2,9,2718.0325849110454,1149.774193548387,6.142895204262876,3690.2449996800005,0,0,0,0,1,0,0,0,0,0,0,0,0,0,0,0,0,0,0,0,1,0,0,0,0,0,0,1,0
264,0,1,2,1310.519978106185,1,1,4303.069213205214,1149.774193548387,0.0007992895204262726,1200.7731243091675,0,0,0,0,1,0,1,0,0,0,0,0,1,0,0,0,0,0,0,0,0,0,0,0,0,0,1,1,0
265,1,3,3,1347.1334428024084,8,1,3609.624250784892,1442.3555107526881,2.3595914742451147,3562.411663457782,0,1,0,0,0,0,0,0,0,0,0,0,0,0,0,1,0,0,1,0,0,0,0,0,0,0,0,1,0
266,0,4,3,537.07991242474,2,1,4719.8896869945775,1257.6774193548388,6.142895204262876,3670.4316660977784,0,0,0,0,1,0,0,0,0,0,0,0,0,0,0,0,0,0,0,0,1,0,0,0,0,0,0,1,0
267,1,1,2,3600.4625068418172,9,1,3445.7768528208544,1203.1209677419354,0.1642095914742449,3591.7116643911145,0,0,0,1,1,0,0,0,0,0,0,1,1,0,0,0,0,0,1,0,0,0,0,1,0,0,0,1,0
268,1,1,6,257.9337712096333,2,1,4944.25007135382,1458.1512096774193,12.356039076376552,3730.0316666311114,0,0,0,0,0,0,1,0,1,0,0,0,0,0,0,0,0,0,0,0,0,0,1,0,0,0,0,1,0
269,0,1,11,1.447728516694034,11,11,3743.4421558367426,541.9381720430108,0.5265541740674959,3747.0055999992005,0,0,0,0,1,1,1,1,0,0,0,0,0,0,0,0,0,1,0,0,1,0,0,0,0,0,0,1,0
270,1,1,4,4247.448385331144,9,1,4963.667824184188,1358.9274193548388,0.0007992895204262726,3749.985000026666,0,0,0,0,1,0,1,0,0,0,0,0,0,0,0,0,0,0,0,0,1,0,0,0,0,0,0,1,0
271,1,1,3,5908.966502463054,2,9,4522.975977547331,870.3252688172043,6.142895204262876,3630.964998720002,0,0,0,1,1,1,0,0,0,0,0,0,0,0,0,0,0,0,1,0,0,0,0,0,0,0,0,1,0
272,0,1,2,2.596168582375479,8,1,4843.8912092094,1270.581317204301,11.702397868561278,3710.111666524445,0,0,0,0,1,0,0,0,0,0,0,0,0,0,0,0,0,0,0,0,1,0,0,0,0,0,0,1,0
273,0,1,2,268.1143951833607,22,1,2977.067881267244,366.0241935483871,6.142895204262876,3552.671663111116,0,0,0,0,1,1,0,0,0,0,0,0,0,0,0,0,0,1,0,0,1,0,0,0,0,1,0,1,0
274,1,1,6,4379.378762999453,2,1,4729.3711825706405,1418.823252688172,8.370248667850797,3593.6692644476475,0,0,0,0,0,0,1,0,1,0,0,0,0,0,0,0,0,0,0,0,0,0,1,0,0,0,0,1,0
275,1,1,2,4120.221674876847,3,3,4394.031062696223,954.8817204301075,14.138632326820604,3736.0180666492442,0,0,0,0,0,0,1,0,0,0,0,0,0,0,0,0,0,0,0,1,0,0,1,0,1,0,0,1,0
276,1,1,2,1159.8275862068965,5,3,5057.402768528209,1360.83938172043,6.142895204262876,3744.8068026642636,0,0,0,0,1,0,1,0,0,1,0,0,0,0,0,0,0,0,0,0,0,0,1,0,0,0,0,1,0
277,0,4,3,3390.1724137931033,8,1,4303.069213205214,1203.1209677419354,5.244138543516873,3730.0316666311114,0,0,0,0,1,0,1,0,0,0,0,0,0,0,0,0,0,0,0,0,1,0,0,0,0,0,0,1,0
278,0,1,2,5039.542966611933,9,1,2683.6229188469224,1426.6458333333333,1.8160746003552393,3581.9316640977813,0,0,0,0,1,0,1,1,0,0,0,0,0,0,0,0,0,0,0,0,1,0,0,0,0,0,0,1,0
279,1,3,3,54.87290640394089,1,4,5028.016411378556,1358.9274193548388,1.3436056838365893,3360.6716524444632,1,0,1,0,0,1,0,0,0,0,0,0,1,1,0,0,1,0,0,0,0,0,0,1,0,0,0,1,0
280,1,1,10,269.1432950191571,2,5,3743.4421558367426,210.752688172043,13.027442273534636,3749.605010666653,0,0,0,0,0,1,1,0,0,0,0,0,0,0,0,0,0,0,0,0,0,0,1,0,0,0,0,1,0
281,1,1,3,3484.6375478927202,7,2,3478.2418894491484,1114.8817204301076,9.26545293072824,3360.6716524444632,0,0,0,0,0,1,1,1,0,0,0,0,0,0,0,0,0,0,0,0,0,0,1,0,0,0,0,1,0
282,1,1,3,2720.3311439518334,1,1,4578.808914470555,1114.8817204301076,4.4164298401420945,3005.1913450848733,1,1,1,0,1,0,0,1,0,0,0,0,0,0,0,0,0,0,0,0,0,0,0,0,0,0,1,1,0
283,1,1,3,3791.2671045429665,5,3,4485.944296451336,1261.3575268817203,10.448401420959145,3744.0073999968004,0,0,0,0,0,0,1,0,0,0,0,0,0,0,0,0,0,0,0,0,0,0,1,0,0,0,0,1,0
284,1,1,4,3939.5731800766284,9,1,4963.667824184188,1462.1135752688172,0.0007992895204262726,416.6627777896295,0,0,0,0,1,0,1,0,0,0,0,0,0,0,0,0,0,0,0,0,1,0,0,0,0,0,0,1,0
285,1,4,10,1963.352490421456,2,1,5096.717771858053,1418.823252688172,10.448401420959145,3740.0116666577783,0,0,0,0,0,0,1,0,1,0,0,0,0,0,0,0,0,0,0,0,0,0,1,0,0,0,0,1,0
286,1,1,2,2506.4285714285716,3,3,3811.2644372562077,1106.2426075268818,9.26545293072824,3736.0180666492442,0,0,0,0,1,0,1,0,0,1,0,0,0,0,0,0,0,0,0,1,0,0,1,0,0,0,0,1,0
287,0,1,8,366.20043787629993,2,1,5028.016411378556,1298.4543010752689,3.6597690941385426,2816.6715777778963,0,0,0,0,1,0,0,0,0,0,0,0,0,0,0,0,0,0,1,0,1,0,0,0,0,0,0,1,0
288,0,1,8,242.05462506841818,2,11,4339.339786889925,780.9704301075269,1.666873889875667,3746.0060666652444,0,0,0,0,1,1,1,1,0,0,0,0,0,0,0,0,0,0,0,0,1,0,0,0,0,0,0,1,0
289,1,3,8,3752.712096332786,2,1,1486.9794025306821,1213.9354838709678,0.046980461811722794,2904.0049280000962,0,0,0,0,0,0,1,0,0,0,0,0,0,0,0,0,0,0,0,0,0,1,0,0,0,0,0,1,0
290,1,3,2,4324.162561576355,13,3,1008.7539244600895,170.70967741935485,21.062966252220246,3746.0060666652444,0,0,0,0,0,0,1,0,0,0,0,0,1,0,0,0,0,0,0,1,0,0,0,0,0,0,0,1,0
291,1,1,6,81.90749863163656,2,2,4959.781229188469,1351.2930107526881,10.448401420959145,3700.171666444445,0,0,0,1,1,1,0,0,0,0,1,0,0,0,0,0,0,1,1,0,0,0,0,0,0,0,0,1,0
292,1,1,6,3823.5467980295566,3,1,5002.617495956617,1401.3010752688172,0.1642095914742449,2016.6713111115853,0,0,0,0,0,1,1,0,0,0,0,0,0,0,0,0,0,0,0,0,0,0,1,0,0,0,0,1,0
293,0,4,5,26.7143951833607,11,11,4053.437398915422,591.2930107526881,2.3595914742451147,3748.405170666439,0,0,0,1,1,1,0,1,0,0,0,0,0,0,0,0,0,1,0,0,1,0,0,0,0,0,0,1,0
294,1,3,9,3613.0295566502464,8,1,5057.402768528209,1349.3877688172042,2.3595914742451147,2703.433152762463,0,0,0,0,1,1,1,0,0,1,0,0,0,0,0,0,0,0,0,0,0,0,1,0,0,0,0,1,0
295,1,1,6,4393.237547892721,9,16,5067.2172485967085,1332.3010752688172,11.702397868561278,3749.005066666578,0,0,1,0,0,0,0,0,0,0,0,0,0,0,0,1,0,0,0,0,0,1,0,0,0,0,0,1,0
296,0,3,1,37.59124247400109,2,5,4818.962277613929,1436.4543010752689,10.448401420959145,3749.8050026666633,0,0,0,0,1,0,1,0,0,0,0,0,0,0,0,0,0,0,0,0,1,0,0,0,0,0,0,1,0
297,1,1,2,5114.091406677613,3,1,4672.624916753877,1257.6774193548388,1.8160746003552393,2562.6715164446446,0,0,0,0,0,0,1,0,0,0,0,0,0,0,0,0,0,0,0,1,0,0,1,0,0,0,0,1,0
298,0,1,6,13.79584017515052,9,9,4303.069213205214,964.5188172043011,10.448401420959145,3504.1716611111187,0,0,0,0,1,0,1,1,0,0,0,0,0,0,0,0,0,0,0,0,0,0,0,0,0,0,0,1,1
299,1,1,4,513.1061850027368,13,9,4257.945057558748,1294.720430107527,9.037388987566606,3608.956848864202,0,0,0,0,0,0,1,0,1,0,0,0,0,0,0,0,0,0,0,1,0,0,0,0,1,0,0,1,0
300,1,1,6,4934.624630541872,9,1,79.03724669393968,1432.52688172043,3.446625222024865,3017.737213690382,0,0,0,1,1,1,0,0,0,0,0,0,0,0,0,0,0,0,0,0,1,0,0,0,0,0,0,1,0
301,1,1,3,4485.254625068418,2,4,4123.999667015508,1294.720430107527,0.1642095914742449,1350.0042000010667,0,0,0,0,1,0,1,1,0,0,0,0,0,0,0,0,0,0,0,0,1,0,0,0,0,0,0,1,0
302,1,1,2,4053.336070060208,2,1,4930.680287318048,1418.823252688172,0.3524866785079926,816.6702444463408,0,0,0,0,0,0,1,0,1,0,0,0,0,0,0,0,0,0,0,0,0,0,1,0,0,0,0,1,0
303,0,1,8,1412.4207991242474,6,1,4959.781229188469,1203.1209677419354,0.0043516873889876025,816.6702444463408,0,0,0,1,1,1,0,0,0,0,0,0,0,0,0,0,0,1,1,0,0,0,0,0,0,0,0,1,0
304,0,1,3,1867.2030651340997,1,6,2683.6229188469224,956.4845430107526,0.025666074600355325,1350.0042000010667,0,0,0,1,1,1,0,0,0,0,0,1,0,0,0,0,0,1,1,0,0,0,0,1,0,1,0,1,0
305,0,1,3,6121.563656267104,2,6,4932.61768623347,1298.4543010752689,0.5265541740674959,3749.985000026666,0,0,0,0,1,0,1,0,0,0,0,0,0,0,0,0,0,0,1,0,1,0,0,0,0,0,0,1,0
306,1,1,10,126.74066776135741,2,5,4619.970744933878,1092.4899193548388,8.15355239786856,3748.405170666439,0,0,0,0,0,1,1,0,0,0,0,0,0,0,0,0,0,0,0,0,0,0,1,0,0,0,0,1,0
307,0,4,8,5714.354132457581,8,1,3478.2418894491484,669.3575268817204,5.244138543516873,3730.0316666311114,0,0,0,0,1,1,1,0,0,0,0,0,0,0,0,0,0,1,0,0,1,0,0,0,0,0,0,1,0
308,1,4,3,466.8007662835249,2,1,2860.8136713918752,729.6801075268817,7.1126998223801055,3100.831625564499,0,0,0,0,1,0,0,0,0,0,0,0,0,0,0,0,0,0,0,0,1,0,0,0,0,0,0,1,0
